text,final_annotation
R.I.P. TO ALL THE THE LITTLE ANGELES üáÆüá™üá∫üá¶,[]
Rest in peace all of you innocent Ukrainians who has lost their lives. Glory to the heroes defending Ukraine.,[]
"What exactly do these figures refer to? To pure military deliveries? It looks like a naive calculation. If you think and calculate a little further, other countries look good, too. For example, almost 1.3 million Ukrainians live in Germany and have access to the entire social system. Including housing, medical care, etc. There are also indirect costs that are difficult to calculate. For example, massive trade losses due to the boycott of Russian products and sanctions on Russia.",[]
This is becoming a daily occurrence and it‚Äôs making me smile. Now let‚Äôs hope economics 101 is true and Ruzzian prices start to rise.,"[[62, 132, ""emotional_fallacy""]]"
"3 out of 10? with painful being what, 1 or 10? Blog/Opinion Piece theres no such thing linked",[]
Each country could have a normal military like normal countries do.,[]
Can you imagine working at an oil refinery in Russia right now. Fuck that.,"[[0, 74, ""logical_fallacy""]]"
"Okay, so, there are  entries in your db where there are no officials listed. You should probably post them as another .txt file.",[]
"I met Fico in 1995 in Komarno, Slovakia. I was an English teacher in that city. He was a wanker then, and hes a wanker now","[[80, 122, ""credibility_fallacy""]]"
"Europeans must provide security . This, thats why this war is unlikely to end IMHO.Kremlin will never agree to station NATO troops near its border in Ukraine.",[]
"Divine Justice will be served sooner or later, which is another dish thats best served cold, ..... or piping hot..... priceless satisfaction. Good always overcome the evil of all mans sins...","[[0, 45, ""logical_fallacy""], [142, 191, ""logical_fallacy""]]"
I guess he found out. His leg was detachable.,"[[22, 44, ""emotional_fallacy""]]"
"Maybe not as sexy as oil and gas, but every dime that ruZ . Zia is denied is worthwhile.","[[0, 88, ""emotional_fallacy""]]"
For the Russian anonbelow you can see how they sent the money and why they sent the money.Its distress money for when a family member has to kill their off spring and the family goes into distress.,"[[90, 197, ""emotional_fallacy""]]"
A Russian has the same amount of claim to Slavic culture as a German of African descent has to Germanic culture.,"[[0, 112, ""logical_fallacy""]]"
 Posted earlier as being a Russian fiber optic drone,[]
"I dunno what the point of this is. let Russia win?Why?Russia is on the ropesif we invested a little more, Russia would break. We shouldnt be throwing them a bone.","[[54, 125, ""emotional_fallacy""], [126, 162, ""logical_fallacy""]]"
Polska annexed Odesa and Lviv.Zelensky and cadre are already dead.,"[[0, 29, ""emotional_fallacy""], [30, 66, ""emotional_fallacy""]]"
Thinking his beard could be trimmed a little‚Ä¶,[]
"Don‚Äôt count your chickens yet, there is no ceasefire Russia‚Äôs terms remain the withdraw of all piggies from Kursk, Donetsk, Lugansk, Zaporozhye, and Kherson Then negotiation","[[53, 173, ""logical_fallacy""]]"
"In the meantime, you can only hate everything that has anything to do with Russia.","[[0, 82, ""emotional_fallacy""], [0, 82, ""logical_fallacy""]]"
"I actually see a difference on the battle field videos lately. Noticing a lot of ‚ÄúLoaf‚Äôs‚Äù, motorcycles and Madmax looking vehicles. Tanks and heavy artillery vehicles eat huge amounts of fuel. The ‚ÄúMeat‚Äùstrategy seems to be working, first wave the ‚ÄúCrutch Army‚Äù consisting of low calibre men and equipment. Repeat if necessary over and over again. Breakthrough losses fall on deaf ears no political push back and continue. As long as there‚Äôs ‚ÄúMeat‚Äù it continues.","[[193, 306, ""emotional_fallacy""], [423, 462, ""logical_fallacy""]]"
It certainly makes their nipples more sensitive,"[[0, 47, ""emotional_fallacy""]]"
Theres no evidence of this being the actual phone of an actual Ukrainian soldier that has been killed by russian forces and not just someone making a propaganda picture.,[]
This desu. We‚Äôre seeing the fall of U . SofA,"[[11, 44, ""emotional_fallacy""]]"
We already discussed about this.The transfer started on Jan.19th under Biden presidency.,[]
At this point in pretty sure Putin will just let everything burn before negotiating peace don‚Äôt see it ending in any other way than him possibly getting assassinated.,"[[0, 166, ""logical_fallacy""]]"
Stop posting false informations. This is a picture made during a trial at the MOD‚Äôs Hebrides Range UK and shows the first UK made Dragon . Fire laser directed energy weapon LDEW system. Stolen from here: ,[]
What grid connection will Kalingrad have..,[]
Hrukraine will become second france . But not in the way they wanted to.,"[[0, 36, ""emotional_fallacy""]]"
"In related news, Isvestia has reported the discovery of a previously unrecognized retro-virus which causes otherwise mentally stable individuals to seek out high windows and defenestrate ... üòâ","[[16, 186, ""logical_fallacy""]]"
Im rooting for Ukrainian terrorists worldwide. Ill donate $ to Sternenko sometime today. Maybe well end up with based ultranationalist and far-right terrorists in Europe and Russia.,"[[0, 46, ""emotional_fallacy""], [89, 181, ""emotional_fallacy""]]"
"Leave President Zelensky alone! He is a legitimate leader and has not escaped responsibilities towards his people! The phrase that most characterizes this is: I dont need a ride, we need weapons!",[]
True. Trump removes American empire as a whole and that is better for the average american.,"[[6, 91, ""logical_fallacy""]]"
HAHAHAH HAHAHAH HAHAHAH HAHAHAH HAHAHAH HAHAHAH HAHAHAH HAHAHAH HAHAHAH HAHAHAH HAHAHAH HAHAHAH,[]
Ukraine can certainly make nukes in no time! Do it!,"[[0, 44, ""logical_fallacy""], [0, 51, ""emotional_fallacy""]]"
"I thought the Dutch elected some pro Russia guy, how are they aiding Ukraine then?","[[1, 48, ""logical_fallacy""]]"
"I dont think so ,myself . LIKE ABSOLUTE BS .",[]
Leaves in 5 pointless seconds at the start but cuts just as it explodes‚Ä¶,[]
"If you are worried that the war in Ukraine will become your own, then stop half-assing the war.","[[0, 63, ""emotional_fallacy""]]"
What did all those Russians and Ukrainians die for,"[[0, 50, ""emotional_fallacy""]]"
Calling it now. When Stinky falls the whole of Ukraine falls,"[[16, 60, ""logical_fallacy""]]"
"Well Im not listening to ru*sian propaganda, so yes",[]
"This has been a massively successful operation, I wonder how much economic damage has been done from refinery hits?","[[0, 46, ""emotional_fallacy""]]"
